id,license,source,description
github-dark,MIT,https://github.com/primer/github-vscode-theme,"GitHub Dark Default: the near-black canvas and blue accent of GitHub.com, from the official GitHub VS Code Theme."
one-dark-pro,MIT,https://github.com/Binaryify/OneDark-Pro,"One Dark Pro: Atom's One Dark, grey-blue with a blue accent."
dracula,MIT,https://github.com/dracula/visual-studio-code,"Dracula: the dark theme with purple, pink and green highlights."
material-theme,MIT,https://github.com/SublimeText/material-theme,"Material Theme: Google Material's blue grey with a teal accent, by Mattia Astorino."
ayu-dark,MIT,https://github.com/ayu-theme/vscode-ayu,"Ayu Dark: a near-black background with warm yellow accents."
ayu-mirage,MIT,https://github.com/ayu-theme/vscode-ayu,"Ayu Mirage: the muted blue-grey middle variant of ayu."
ayu-light,MIT,https://github.com/ayu-theme/vscode-ayu,"Ayu Light: a bright, soft light theme with an orange accent."
monokai,MIT,https://github.com/microsoft/vscode/tree/main/extensions/theme-monokai,"Classic Monokai as Visual Studio Code ships it, under the MIT License. This is not Monokai Pro."
night-owl,MIT,https://github.com/sdras/night-owl-vscode-theme,"Night Owl: deep blue for working at night and in low light, by Sarah Drasner."
one-monokai,MIT,https://github.com/azemoh/vscode-one-monokai,"One Monokai: One Dark's background with Monokai's colours."
tokyo-night,MIT,https://github.com/enkia/tokyo-night-vscode-theme,"Tokyo Night: dark blue with soft neon colours, after Tokyo's lights at night."
solarized-dark,MIT,https://github.com/altercation/solarized,"Solarized Dark: Ethan Schoonover's sixteen-colour palette on dark blue-green."
solarized-light,MIT,https://github.com/altercation/solarized,"Solarized Light: Ethan Schoonover's sixteen-colour palette on warm cream."
winter-is-coming,MIT,https://github.com/johnpapa/vscode-winteriscoming,"Winter is Coming (Dark Blue): dark blue with icy blue accents, by John Papa."
gruvbox-dark,MIT,https://github.com/morhetz/gruvbox,"Gruvbox Dark: retro, warm browns and earthy colours."
gruvbox-light,MIT,https://github.com/morhetz/gruvbox,"Gruvbox Light: the retro, warm gruvbox palette on cream."
shades-of-purple,MIT,https://github.com/ahmadawais/shades-of-purple-vscode,"Shades of Purple: bold purple with a bright yellow accent, by Ahmad Awais."
cobalt2,MIT,https://github.com/wesbos/cobalt2-vscode,"Cobalt2: deep blue with a yellow accent, by Wes Bos."
noctis,MIT,https://github.com/liviuschera/noctis,"Noctis: a cold, dark teal theme."
noctis-lux,MIT,https://github.com/liviuschera/noctis,"Noctis Lux: the warm, cream light variant of Noctis."
catppuccin-frappe,MIT,https://github.com/catppuccin/palette,"Catppuccin Frappé: the soothing pastel palette, muted dark flavour."
catppuccin-macchiato,MIT,https://github.com/catppuccin/palette,"Catppuccin Macchiato: the soothing pastel palette, medium dark flavour."
panda,MIT,https://github.com/siamak/atom-panda-syntax,"Panda: a superminimal dark theme with pink, blue and mint, by Siamak Mokhtari."
synthwave-84,MIT,https://github.com/robb0wen/synthwave-vscode,"SynthWave '84: retrowave neon pink and cyan on dark purple, by Robb Owen."
atom-one-light,MIT,https://github.com/akamud/vscode-theme-onelight,"Atom One Light: Atom's clean light theme, as Mahmoud Ali ported it to VS Code."
darcula,MIT,https://github.com/rokoroku/vscode-theme-darcula,"Darcula: the colours of JetBrains' dark theme, from an MIT community port."
sublime-material,MIT,https://github.com/JarvisPrestidge/vscode-material-theme,"Sublime Material: Material Theme's syntax colours on a neutral dark grey, from the Sublime Material Theme port."
palenight,MIT,https://github.com/whizkydee/vscode-palenight-theme,"Palenight: Material's pale purple night variant, by Olaolu Olawuyi."
omni,MIT,https://github.com/getomni/visual-studio-code,"Omni: a dark theme with purple, pink and green, by Rocketseat."
snazzy-light,MIT,https://github.com/loilo/vscode-snazzy-light,"Snazzy Light: a bright light theme after Hyper Snazzy, by Florian Reuschel."
matcha,MIT,https://github.com/lucafalasco/matcha,"Matcha: a dark, earthy theme of green and grey, by Luca Falasco."
houston,MIT,https://github.com/withastro/houston-vscode,"Houston: the Astro team's dark theme with mint and cyan accents."
horizon-dark,MIT,https://github.com/jolaleye/horizon-theme-vscode,"Horizon Dark: a warm sunset of pink and apricot on dark blue-grey."
horizon-bright,MIT,https://github.com/jolaleye/horizon-theme-vscode,"Horizon Bright: the warm sunset palette on pale peach."
everforest-dark,MIT,https://github.com/sainnhe/everforest,"Everforest Dark: a green-based palette, warm and soft to protect the eyes (medium contrast)."
everforest-light,MIT,https://github.com/sainnhe/everforest,"Everforest Light: the same warm, soft green palette on cream (medium contrast)."
kanagawa,MIT,https://github.com/rebelot/kanagawa.nvim,Kanagawa Wave: a dark scheme inspired by the colours of Hokusai's famous painting.
rose-pine,MIT,https://github.com/rose-pine/palette,"Rosé Pine: all natural pine, faux fur and a bit of soho vibes for the classy minimalist."
rose-pine-dawn,MIT,https://github.com/rose-pine/palette,"Rosé Pine Dawn: the light variant of Rosé Pine, warm cream with dusky rose."
nightfox,MIT,https://github.com/EdenEast/nightfox.nvim,"Nightfox: a dark blue theme with soft, clear colours."
dayfox,MIT,https://github.com/EdenEast/nightfox.nvim,"Dayfox: the light theme of the Nightfox family, warm paper with deep violet text."
vitesse-dark,MIT,https://github.com/antfu/vscode-theme-vitesse,Vitesse Dark: a minimal near-black theme with muted green.
vitesse-light,MIT,https://github.com/antfu/vscode-theme-vitesse,Vitesse Light: a minimal white theme with muted green.
flexoki-dark,MIT,https://github.com/kepano/flexoki,"Flexoki Dark: an inky scheme inspired by printing inks, on black."
flexoki-light,MIT,https://github.com/kepano/flexoki,Flexoki Light: an inky scheme inspired by printing inks and warm paper.
oceanic-next,MIT,https://github.com/voronianski/oceanic-next-color-scheme,Oceanic Next: a colourful dark scheme on deep blue-green.
spacegray,MIT,https://github.com/kkga/spacegray,"Spacegray: hype and minimal, in the Base16 Ocean Dark colours."
moonlight,MIT,https://github.com/atomiks/moonlight-vscode-theme,Moonlight: bubblegum colours on a moonlit background.
poimandres,MIT,https://github.com/drcmda/poimandres-theme,"Poimandres: a minimal, frameless dark theme with mint and soft blue."
andromeda,MIT,https://github.com/EliverLara/Andromeda,"Andromeda: a dark theme with a taste of the universe, cyan and violet."
quiet-light,MIT,https://github.com/microsoft/vscode/tree/main/extensions/theme-quietlight,"Quiet Light: a calm light theme with lilac accents, as Visual Studio Code ships it."
min-light,MIT,https://github.com/miguelsolorio/min-theme,Min Light: a minimal light theme in white and grey.
